{
  "25": {
    "R": [
      [
        1.0,
        0.0,
        0.0
      ],
      [
        0.0,
        1.0,
        0.0
      ],
      [
        0.0,
        0.0,
        1.0
      ]
    ],
    "t": [
      0.0,
      0.0,
      0.0
    ]
  },
  "26": {
    "R": [
      [
        0.9271040557288552,
        -0.08806479830708625,
        0.3643112146918345
      ],
      [
        0.08789568729082267,
        0.9959832352854625,
        0.0170804913856967
      ],
      [
        -0.3643520522884174,
        0.016185991765572068,
        0.931120612844428
      ]
    ],
    "t": [
      -0.9952875742854459,
      -0.09411032565815941,
      0.023364312048679253
    ]
  },
  "8": {
    "R": [
      [
        0.9913454752471136,
        -0.010669384745672354,
        0.13084461370734143
      ],
      [
        0.08019053812604418,
        0.8383490865261826,
        -0.5392033815878484
      ],
      [
        -0.10394049404409257,
        0.5450293325591423,
        0.8319491573095112
      ]
    ],
    "t": [
      -0.3529660038614263,
      1.3669159091810101,
      0.3076350086772678
    ]
  },
  "24": {
    "R": [
      [
        0.9998127496275755,
        -0.016136284849420406,
        -0.010681104503067963
      ],
      [
        0.010253176229506514,
        0.9098574086356739,
        -0.41479436872742503
      ],
      [
        0.016411522152249496,
        0.4146071830806055,
        0.9098524856693042
      ]
    ],
    "t": [
      0.0801412159338042,
      1.1004674278050655,
      0.1592196316307185
    ]
  },
  "27": {
    "R": [
      [
        0.8844597656532066,
        -0.1498057035221355,
        0.44191534724753895
      ],
      [
        0.20227847383293557,
        0.9765430231970376,
        -0.07380476183152701
      ],
      [
        -0.4204929749288248,
        0.154667304358187,
        0.8940154825270525
      ]
    ],
    "t": [
      -1.2768720444538149,
      0.19296379442827213,
      0.39054669818895454
    ]
  },
  "23": {
    "R": [
      [
        0.9957512749006349,
        0.022637225160691277,
        -0.08925779837518083
      ],
      [
        -0.0538782385923606,
        0.9292999349407974,
        -0.36537482990104064
      ],
      [
        0.07467619393049524,
        0.3686315056476507,
        0.9265712488006528
      ]
    ],
    "t": [
      0.32861442453305384,
      0.9672175302838644,
      0.12535641514947599
    ]
  },
  "7": {
    "R": [
      [
        0.9665578941809801,
        0.2536582313155353,
        0.03772716371930881
      ],
      [
        -0.2195118013703566,
        0.8944031701605649,
        -0.3896890276436747
      ],
      [
        -0.1325911243468817,
        0.3683754482760841,
        0.9201734199876803
      ]
    ],
    "t": [
      0.0850261325691167,
      1.0253375991579785,
      0.3275427544397564
    ]
  },
  "28": {
    "R": [
      [
        0.6632581744539952,
        -0.17162130118310465,
        0.7284467880361418
      ],
      [
        0.1761552183903009,
        0.981804236644263,
        0.07092094148586484
      ],
      [
        -0.7273636869227245,
        0.08128080885174649,
        0.6814216734582095
      ]
    ],
    "t": [
      -1.9698929980191937,
      -0.19394205828301722,
      0.7760512966658195
    ]
  },
  "22": {
    "R": [
      [
        0.9816121917285185,
        0.04201633577999598,
        -0.1862045449970458
      ],
      [
        -0.10886127215047461,
        0.9245147126153833,
        -0.36526944791958094
      ],
      [
        0.15680155763165915,
        0.3788234069923845,
        0.9120888650997597
      ]
    ],
    "t": [
      0.623682018130932,
      0.9765610839209578,
      0.3510573445253858
    ]
  },
  "29": {
    "R": [
      [
        0.48153746746207987,
        -0.21196660422287697,
        0.850406859170614
      ],
      [
        0.2312725537975793,
        0.9666521682846483,
        0.10998450532022232
      ],
      [
        -0.845360676451272,
        0.1437141059353968,
        0.5145012949109432
      ]
    ],
    "t": [
      -2.3940639215397357,
      -0.35194367005477356,
      1.3627008675632424
    ]
  },
  "9": {
    "R": [
      [
        0.7030015116741783,
        -0.170722189134845,
        0.6903932276035347
      ],
      [
        0.5137368659565398,
        0.7931971186006913,
        -0.32697517275890087
      ],
      [
        -0.49179600155041125,
        0.584544493756093,
        0.6453250558272635
      ]
    ],
    "t": [
      -1.9243425034990642,
      0.8009532499535736,
      0.8295869994568879
    ]
  },
  "21": {
    "R": [
      [
        0.9557291005236779,
        -0.08298073830681132,
        -0.2823049476758389
      ],
      [
        -0.04078014481349715,
        0.912799272986437,
        -0.4063674039885854
      ],
      [
        0.291408418205775,
        0.3998895901439402,
        0.8690048616051119
      ]
    ],
    "t": [
      0.9292290710420723,
      1.080629242005198,
      0.6139648714198686
    ]
  },
  "30": {
    "R": [
      [
        0.2393898887528675,
        -0.24199672603413372,
        0.9402819075956158
      ],
      [
        0.2260427572439402,
        0.9557207563420715,
        0.18842109169224125
      ],
      [
        -0.9442442232073475,
        0.16743781080060532,
        0.28349149273629687
      ]
    ],
    "t": [
      -2.6756739814420163,
      -0.5117452183037339,
      1.9078505883570702
    ]
  },
  "2": {
    "R": [
      [
        -0.9932504627706374,
        -0.06320822681039567,
        0.09725347433074111
      ],
      [
        0.11436090281619954,
        -0.6736767443412913,
        0.7301241182434546
      ],
      [
        0.01936755309734057,
        0.7363181134517904,
        0.6763582879582517
      ]
    ],
    "t": [
      -0.32387526737108624,
      -2.002739167532043,
      0.8254909451439308
    ]
  },
  "31": {
    "R": [
      [
        -0.026779638460232055,
        -0.22777391098548053,
        0.9733457229773591
      ],
      [
        0.237366026123519,
        0.944397837593842,
        0.2275304243181653
      ],
      [
        -0.971051090626167,
        0.23713238880940293,
        0.02877515545184762
      ]
    ],
    "t": [
      -2.7625328999425323,
      -0.6199499657655474,
      2.680621934858831
    ]
  },
  "33": {
    "R": [
      [
        -0.5278530993388048,
        -0.19926249129239437,
        0.8256304046499053
      ],
      [
        0.217312865550367,
        0.9080460930960261,
        0.35808855228746406
      ],
      [
        -0.8210640803157242,
        0.36843826128266355,
        -0.43601264160377473
      ]
    ],
    "t": [
      -2.3798790267937253,
      -1.0108039128709314,
      4.062306995641307
    ]
  },
  "35": {
    "R": [
      [
        -0.9015445098058836,
        -0.04970517978320887,
        0.4298219305033051
      ],
      [
        0.13596203705747803,
        0.9105196572472323,
        0.39047186613834794
      ],
      [
        -0.4107697911459046,
        0.4104672323938926,
        -0.8141159805659438
      ]
    ],
    "t": [
      -1.2540563112071794,
      -1.1087626022960206,
      5.121311744398602
    ]
  },
  "12": {
    "R": [
      [
        -0.981078058140295,
        -0.01800643924463493,
        0.19277347323062177
      ],
      [
        0.05580121127363411,
        0.9271197415348836,
        0.37058765451197334
      ],
      [
        -0.18539705676213747,
        0.37433240976706755,
        -0.9085720545680002
      ]
    ],
    "t": [
      -0.5702905307281395,
      -1.0488356671973116,
      5.34488968439743
    ]
  },
  "34": {
    "R": [
      [
        -0.7295299087367587,
        -0.13530109578141464,
        0.6704324915596536
      ],
      [
        0.18620383255743167,
        0.9039208980662269,
        0.3850391444776357
      ],
      [
        -0.6581141580299428,
        0.4057346713302847,
        -0.6342437476877839
      ]
    ],